{"cameraMode":{"drawMode":0,"name":"Shaded","section":"Shading Mode"},"sceneLighting":true,"audioPlay":false,"sceneViewState":{"m_AlwaysRefresh":false,"showFog":true,"showSkybox":true,"showFlares":true,"showImageEffects":true,"showParticleSystems":true,"showVisualEffectGraphs":true,"m_FxEnabled":true},"in2DMode":false,"pivot":{"x":-0.4108830988407135,"y":9.515399932861329,"z":-2.438363552093506},"rotation":{"x":-0.37325793504714968,"y":-0.20959113538265229,"z":0.08696755021810532,"w":-0.8995756506919861},"size":11.272380828857422,"orthographic":false}